﻿<?xml version="1.0" encoding="UTF-8" standalone="yes"?>
<imgdir name="01010001.img">
  <imgdir name="info">
    <canvas name="icon" width="26" height="25">
      <vector name="origin" x="-4" y="25" />
    </canvas>
    <canvas name="iconRaw" width="19" height="18">
      <vector name="origin" x="-6" y="25" />
    </canvas>
    <string name="islot" value="Af" />
    <string name="vslot" value="Af" />
    <int name="reqJob" value="0" />
    <int name="reqLevel" value="0" />
    <int name="reqSTR" value="0" />
    <int name="reqDEX" value="0" />
    <int name="reqINT" value="0" />
    <int name="reqLUK" value="0" />
    <int name="cash" value="1" />
  </imgdir>
  <imgdir name="default">
    <canvas name="default" width="11" height="6">
      <vector name="origin" x="15" y="25" />
      <imgdir name="map">
        <vector name="brow" x="-9" y="-42" />
      </imgdir>
      <string name="z" value="accessoryFace" />
    </canvas>
  </imgdir>
  <imgdir name="blink">
    <imgdir name="0">
      <uol name="default" value="../../default/default" />
    </imgdir>
    <imgdir name="1">
      <uol name="default" value="../../default/default" />
    </imgdir>
    <imgdir name="2">
      <uol name="default" value="../../default/default" />
    </imgdir>
  </imgdir>
  <imgdir name="hit">
    <imgdir name="0">
      <canvas name="default" width="12" height="7">
        <vector name="origin" x="15" y="25" />
        <imgdir name="map">
          <vector name="brow" x="-9" y="-40" />
        </imgdir>
        <string name="z" value="accessoryFace" />
      </canvas>
    </imgdir>
  </imgdir>
  <imgdir name="smile">
    <imgdir name="0">
      <canvas name="default" width="15" height="7">
        <vector name="origin" x="15" y="25" />
        <imgdir name="map">
          <vector name="brow" x="-8" y="-39" />
        </imgdir>
        <string name="z" value="accessoryFace" />
      </canvas>
    </imgdir>
  </imgdir>
  <imgdir name="troubled">
    <imgdir name="0">
      <canvas name="default" width="11" height="6">
        <vector name="origin" x="15" y="25" />
        <imgdir name="map">
          <vector name="brow" x="-7" y="-41" />
        </imgdir>
        <string name="z" value="accessoryFace" />
      </canvas>
    </imgdir>
  </imgdir>
  <imgdir name="cry">
    <imgdir name="0">
      <canvas name="default" width="11" height="11">
        <vector name="origin" x="15" y="25" />
        <imgdir name="map">
          <vector name="brow" x="-8" y="-37" />
        </imgdir>
        <string name="z" value="accessoryFace" />
      </canvas>
    </imgdir>
  </imgdir>
  <imgdir name="angry">
    <imgdir name="0">
      <canvas name="default" width="12" height="7">
        <vector name="origin" x="15" y="25" />
        <imgdir name="map">
          <vector name="brow" x="-9" y="-39" />
        </imgdir>
        <string name="z" value="accessoryFace" />
      </canvas>
    </imgdir>
  </imgdir>
  <imgdir name="bewildered">
    <imgdir name="0">
      <uol name="default" value="../../default/default" />
    </imgdir>
  </imgdir>
  <imgdir name="stunned">
    <imgdir name="0">
      <uol name="default" value="../../default/default" />
    </imgdir>
  </imgdir>
  <imgdir name="vomit">
    <imgdir name="0">
      <canvas name="default" width="13" height="6">
        <vector name="origin" x="15" y="25" />
        <imgdir name="map">
          <vector name="brow" x="-8" y="-41" />
        </imgdir>
        <string name="z" value="accessoryFace" />
      </canvas>
    </imgdir>
    <imgdir name="1">
      <uol name="default" value="../0/default" />
    </imgdir>
  </imgdir>
  <imgdir name="oops">
    <imgdir name="0">
      <canvas name="default" width="12" height="7">
        <vector name="origin" x="16" y="26" />
        <imgdir name="map">
          <vector name="brow" x="-7" y="-41" />
        </imgdir>
        <string name="z" value="accessoryFace" />
      </canvas>
    </imgdir>
  </imgdir>
  <imgdir name="cheers">
    <imgdir name="0">
      <canvas name="default" width="15" height="7">
        <vector name="origin" x="15" y="25" />
        <imgdir name="map">
          <vector name="brow" x="-7" y="-39" />
        </imgdir>
        <string name="z" value="accessoryFace" />
      </canvas>
    </imgdir>
  </imgdir>
  <imgdir name="chu">
    <imgdir name="0">
      <canvas name="default" width="11" height="6">
        <vector name="origin" x="15" y="25" />
        <imgdir name="map">
          <vector name="brow" x="-6" y="-40" />
        </imgdir>
        <string name="z" value="accessoryFace" />
      </canvas>
    </imgdir>
  </imgdir>
  <imgdir name="wink">
    <imgdir name="0">
      <canvas name="default" width="11" height="6">
        <vector name="origin" x="15" y="25" />
        <imgdir name="map">
          <vector name="brow" x="-8" y="-41" />
        </imgdir>
        <string name="z" value="accessoryFace" />
      </canvas>
    </imgdir>
  </imgdir>
  <imgdir name="pain">
    <imgdir name="0">
      <canvas name="default" width="12" height="7">
        <vector name="origin" x="16" y="26" />
        <imgdir name="map">
          <vector name="brow" x="-7" y="-41" />
        </imgdir>
        <string name="z" value="accessoryFace" />
      </canvas>
    </imgdir>
  </imgdir>
  <imgdir name="glitter">
    <imgdir name="0">
      <canvas name="default" width="12" height="7">
        <vector name="origin" x="15" y="25" />
        <imgdir name="map">
          <vector name="brow" x="-8" y="-39" />
        </imgdir>
        <string name="z" value="accessoryFace" />
      </canvas>
    </imgdir>
    <imgdir name="1">
      <canvas name="default" width="12" height="7">
        <vector name="origin" x="15" y="25" />
        <imgdir name="map">
          <vector name="brow" x="-8" y="-39" />
        </imgdir>
        <string name="z" value="accessoryFace" />
      </canvas>
    </imgdir>
  </imgdir>
  <imgdir name="shine">
    <imgdir name="0">
      <canvas name="default" width="11" height="8">
        <vector name="origin" x="15" y="25" />
        <imgdir name="map">
          <vector name="brow" x="-9" y="-39" />
        </imgdir>
        <string name="z" value="accessoryFace" />
      </canvas>
    </imgdir>
  </imgdir>
  <imgdir name="blaze">
    <imgdir name="0">
      <canvas name="default" width="17" height="7">
        <vector name="origin" x="15" y="25" />
        <imgdir name="map">
          <vector name="brow" x="-8" y="-39" />
        </imgdir>
        <string name="z" value="accessoryFace" />
      </canvas>
    </imgdir>
    <imgdir name="1">
      <uol name="default" value="../0/default" />
    </imgdir>
  </imgdir>
  <imgdir name="love">
    <imgdir name="0">
      <canvas name="default" width="12" height="6">
        <vector name="origin" x="15" y="25" />
        <imgdir name="map">
          <vector name="brow" x="-9" y="-40" />
        </imgdir>
        <string name="z" value="accessoryFace" />
      </canvas>
    </imgdir>
    <imgdir name="1">
      <uol name="default" value="../0/default" />
    </imgdir>
  </imgdir>
  <imgdir name="despair">
    <imgdir name="0">
      <canvas name="default" width="11" height="10">
        <vector name="origin" x="15" y="25" />
        <imgdir name="map">
          <vector name="brow" x="-10" y="-38" />
        </imgdir>
        <string name="z" value="accessoryFace" />
      </canvas>
    </imgdir>
    <imgdir name="1">
      <uol name="default" value="../0/default" />
    </imgdir>
  </imgdir>
  <imgdir name="hum">
    <imgdir name="0">
      <canvas name="default" width="11" height="11">
        <vector name="origin" x="15" y="25" />
        <imgdir name="map">
          <vector name="brow" x="-10" y="-37" />
        </imgdir>
        <string name="z" value="accessoryFace" />
      </canvas>
    </imgdir>
    <imgdir name="1">
      <uol name="default" value="../0/default" />
    </imgdir>
  </imgdir>
  <imgdir name="bowing">
    <imgdir name="0">
      <canvas name="default" width="19" height="7">
        <vector name="origin" x="15" y="25" />
        <imgdir name="map">
          <vector name="brow" x="-7" y="-39" />
        </imgdir>
        <string name="z" value="accessoryFace" />
      </canvas>
    </imgdir>
    <imgdir name="1">
      <uol name="default" value="../0/default" />
    </imgdir>
  </imgdir>
  <imgdir name="hot">
    <imgdir name="0">
      <canvas name="default" width="10" height="12">
        <vector name="origin" x="15" y="25" />
        <imgdir name="map">
          <vector name="brow" x="-10" y="-36" />
        </imgdir>
        <string name="z" value="accessoryFace" />
      </canvas>
    </imgdir>
    <imgdir name="1">
      <uol name="default" value="../0/default" />
    </imgdir>
  </imgdir>
  <imgdir name="dam">
    <imgdir name="0">
      <canvas name="default" width="19" height="7">
        <vector name="origin" x="15" y="25" />
        <imgdir name="map">
          <vector name="brow" x="-7" y="-39" />
        </imgdir>
        <string name="z" value="accessoryFace" />
      </canvas>
    </imgdir>
    <imgdir name="1">
      <uol name="default" value="../0/default" />
    </imgdir>
  </imgdir>
</imgdir>