﻿<?xml version="1.0" encoding="UTF-8" standalone="yes"?>
<imgdir name="01012008.img">
  <imgdir name="info">
    <canvas name="icon" width="26" height="32">
      <vector name="origin" x="-2" y="32" />
    </canvas>
    <canvas name="iconRaw" width="25" height="32">
      <vector name="origin" x="-3" y="32" />
    </canvas>
    <string name="islot" value="Af" />
    <string name="vslot" value="Af" />
    <int name="reqJob" value="0" />
    <int name="reqLevel" value="0" />
    <int name="reqSTR" value="0" />
    <int name="reqDEX" value="0" />
    <int name="reqINT" value="0" />
    <int name="reqLUK" value="0" />
    <int name="cash" value="1" />
  </imgdir>
  <imgdir name="default">
    <canvas name="0" width="30" height="9">
      <vector name="origin" x="15" y="4" />
      <imgdir name="map">
        <vector name="brow" x="0" y="-12" />
      </imgdir>
      <string name="z" value="accessoryFace" />
    </canvas>
    <canvas name="1" width="30" height="9">
      <vector name="origin" x="15" y="4" />
      <imgdir name="map">
        <vector name="brow" x="0" y="-12" />
      </imgdir>
      <string name="z" value="accessoryFace" />
    </canvas>
    <canvas name="2" width="30" height="9">
      <vector name="origin" x="15" y="4" />
      <imgdir name="map">
        <vector name="brow" x="0" y="-12" />
      </imgdir>
      <string name="z" value="accessoryFace" />
    </canvas>
    <canvas name="3" width="30" height="9">
      <vector name="origin" x="15" y="4" />
      <imgdir name="map">
        <vector name="brow" x="0" y="-12" />
      </imgdir>
      <string name="z" value="accessoryFace" />
    </canvas>
    <canvas name="4" width="30" height="9">
      <vector name="origin" x="15" y="4" />
      <imgdir name="map">
        <vector name="brow" x="0" y="-12" />
      </imgdir>
      <string name="z" value="accessoryFace" />
    </canvas>
    <canvas name="5" width="30" height="9">
      <vector name="origin" x="15" y="4" />
      <imgdir name="map">
        <vector name="brow" x="0" y="-12" />
      </imgdir>
      <string name="z" value="accessoryFace" />
    </canvas>
    <canvas name="6" width="30" height="9">
      <vector name="origin" x="15" y="4" />
      <imgdir name="map">
        <vector name="brow" x="0" y="-12" />
      </imgdir>
      <string name="z" value="accessoryFace" />
    </canvas>
    <canvas name="7" width="30" height="9">
      <vector name="origin" x="15" y="4" />
      <imgdir name="map">
        <vector name="brow" x="0" y="-12" />
      </imgdir>
      <string name="z" value="accessoryFace" />
    </canvas>
    <canvas name="8" width="30" height="9">
      <vector name="origin" x="15" y="4" />
      <imgdir name="map">
        <vector name="brow" x="0" y="-12" />
      </imgdir>
      <string name="z" value="accessoryFace" />
    </canvas>
    <canvas name="9" width="30" height="9">
      <vector name="origin" x="15" y="4" />
      <imgdir name="map">
        <vector name="brow" x="0" y="-12" />
      </imgdir>
      <string name="z" value="accessoryFace" />
    </canvas>
    <canvas name="10" width="30" height="9">
      <vector name="origin" x="15" y="4" />
      <imgdir name="map">
        <vector name="brow" x="0" y="-12" />
      </imgdir>
      <string name="z" value="accessoryFace" />
    </canvas>
    <canvas name="11" width="30" height="9">
      <vector name="origin" x="15" y="4" />
      <imgdir name="map">
        <vector name="brow" x="0" y="-12" />
      </imgdir>
      <string name="z" value="accessoryFace" />
    </canvas>
  </imgdir>
  <imgdir name="blink">
    <uol name="0" value="../default" />
    <uol name="1" value="../default" />
    <uol name="2" value="../default" />
  </imgdir>
  <imgdir name="hit">
    <uol name="0" value="../default" />
  </imgdir>
  <imgdir name="smile">
    <uol name="0" value="../default" />
  </imgdir>
  <imgdir name="troubled">
    <uol name="0" value="../default" />
  </imgdir>
  <imgdir name="cry">
    <uol name="0" value="../default" />
  </imgdir>
  <imgdir name="angry">
    <uol name="0" value="../default" />
  </imgdir>
  <imgdir name="bewildered">
    <uol name="0" value="../default" />
  </imgdir>
  <imgdir name="stunned">
    <uol name="0" value="../default" />
  </imgdir>
  <imgdir name="vomit">
    <uol name="0" value="../default" />
    <uol name="1" value="../default" />
  </imgdir>
  <imgdir name="oops">
    <uol name="0" value="../default" />
  </imgdir>
  <imgdir name="cheers">
    <uol name="0" value="../default" />
  </imgdir>
  <imgdir name="chu">
    <uol name="0" value="../default" />
  </imgdir>
  <imgdir name="wink">
    <uol name="0" value="../default" />
  </imgdir>
  <imgdir name="pain">
    <uol name="0" value="../default" />
  </imgdir>
  <imgdir name="glitter">
    <uol name="0" value="../default" />
    <uol name="1" value="../default" />
  </imgdir>
  <imgdir name="shine">
    <uol name="0" value="../default" />
  </imgdir>
  <imgdir name="blaze">
    <uol name="0" value="../default" />
    <uol name="1" value="../default" />
  </imgdir>
  <imgdir name="despair">
    <uol name="0" value="../default" />
    <uol name="1" value="../default" />
  </imgdir>
  <imgdir name="love">
    <uol name="0" value="../default" />
    <uol name="1" value="../default" />
  </imgdir>
  <imgdir name="hum">
    <uol name="0" value="../default" />
    <uol name="1" value="../default" />
  </imgdir>
  <imgdir name="bowing">
    <uol name="0" value="../default" />
    <uol name="1" value="../default" />
  </imgdir>
  <imgdir name="hot">
    <uol name="0" value="../default" />
    <uol name="1" value="../default" />
  </imgdir>
  <imgdir name="dam">
    <uol name="0" value="../default" />
    <uol name="1" value="../default" />
  </imgdir>
</imgdir>