﻿<?xml version="1.0" encoding="UTF-8" standalone="yes"?>
<imgdir name="01022079.img">
  <imgdir name="info">
    <canvas name="icon" width="33" height="24">
      <vector name="origin" x="0" y="24" />
    </canvas>
    <canvas name="iconRaw" width="33" height="20">
      <vector name="origin" x="0" y="24" />
    </canvas>
    <string name="islot" value="Ay" />
    <string name="vslot" value="Ay" />
    <int name="reqJob" value="0" />
    <int name="reqLevel" value="0" />
    <int name="reqSTR" value="0" />
    <int name="reqDEX" value="0" />
    <int name="reqINT" value="0" />
    <int name="reqLUK" value="0" />
    <int name="cash" value="1" />
  </imgdir>
</imgdir>