﻿<?xml version="1.0" encoding="UTF-8" standalone="yes"?>
<imgdir name="01032075.img">
  <imgdir name="info">
    <canvas name="icon" width="26" height="28">
      <vector name="origin" x="-3" y="28" />
    </canvas>
    <canvas name="iconRaw" width="24" height="26">
      <vector name="origin" x="-3" y="28" />
    </canvas>
    <string name="islot" value="Ae" />
    <string name="vslot" value="Ae" />
    <int name="reqJob" value="0" />
    <int name="reqLevel" value="45" />
    <int name="reqSTR" value="0" />
    <int name="reqDEX" value="0" />
    <int name="reqINT" value="0" />
    <int name="reqLUK" value="0" />
    <int name="incSTR" value="1" />
    <int name="incDEX" value="1" />
    <int name="incINT" value="1" />
    <int name="incLUK" value="1" />
    <int name="tuc" value="4" />
    <int name="tradeBlock" value="1" />
    <int name="notSale" value="1" />
    <int name="tradeAvailable" value="1" />
  </imgdir>
  <imgdir name="default">
    <canvas name="default" width="5" height="6">
      <vector name="origin" x="-17" y="28" />
      <imgdir name="map">
        <vector name="brow" x="0" y="-41" />
      </imgdir>
      <string name="z" value="accessoryEar" />
    </canvas>
  </imgdir>
  <imgdir name="walk1">
    <imgdir name="0">
      <uol name="default" value="../../default/default" />
    </imgdir>
    <imgdir name="1">
      <uol name="default" value="../../default/default" />
    </imgdir>
    <imgdir name="2">
      <uol name="default" value="../../default/default" />
    </imgdir>
    <imgdir name="3">
      <uol name="default" value="../../default/default" />
    </imgdir>
  </imgdir>
  <imgdir name="walk2">
    <imgdir name="0">
      <uol name="default" value="../../default/default" />
    </imgdir>
    <imgdir name="1">
      <uol name="default" value="../../default/default" />
    </imgdir>
    <imgdir name="2">
      <uol name="default" value="../../default/default" />
    </imgdir>
    <imgdir name="3">
      <uol name="default" value="../../default/default" />
    </imgdir>
  </imgdir>
  <imgdir name="stand1">
    <imgdir name="0">
      <uol name="default" value="../../default/default" />
    </imgdir>
    <imgdir name="1">
      <uol name="default" value="../../default/default" />
    </imgdir>
    <imgdir name="2">
      <uol name="default" value="../../default/default" />
    </imgdir>
  </imgdir>
  <imgdir name="stand2">
    <imgdir name="0">
      <uol name="default" value="../../default/default" />
    </imgdir>
    <imgdir name="1">
      <uol name="default" value="../../default/default" />
    </imgdir>
    <imgdir name="2">
      <uol name="default" value="../../default/default" />
    </imgdir>
  </imgdir>
  <imgdir name="alert">
    <imgdir name="0">
      <uol name="default" value="../../default/default" />
    </imgdir>
    <imgdir name="1">
      <uol name="default" value="../../default/default" />
    </imgdir>
    <imgdir name="2">
      <uol name="default" value="../../default/default" />
    </imgdir>
  </imgdir>
  <imgdir name="swingO1">
    <imgdir name="0">
      <uol name="default" value="../../default/default" />
    </imgdir>
    <imgdir name="1">
      <uol name="default" value="../../default/default" />
    </imgdir>
    <imgdir name="2">
      <uol name="default" value="../../default/default" />
    </imgdir>
  </imgdir>
  <imgdir name="swingO2">
    <imgdir name="0">
      <uol name="default" value="../../default/default" />
    </imgdir>
    <imgdir name="1">
      <uol name="default" value="../../default/default" />
    </imgdir>
    <imgdir name="2">
      <uol name="default" value="../../default/default" />
    </imgdir>
  </imgdir>
  <imgdir name="swingO3">
    <imgdir name="0">
      <uol name="default" value="../../default/default" />
    </imgdir>
    <imgdir name="1">
      <uol name="default" value="../../default/default" />
    </imgdir>
    <imgdir name="2">
      <uol name="default" value="../../default/default" />
    </imgdir>
  </imgdir>
  <imgdir name="swingOF">
    <imgdir name="0">
      <uol name="default" value="../../default/default" />
    </imgdir>
    <imgdir name="1" />
    <imgdir name="2">
      <uol name="default" value="../../default/default" />
    </imgdir>
    <imgdir name="3">
      <uol name="default" value="../../default/default" />
    </imgdir>
  </imgdir>
  <imgdir name="swingT1">
    <imgdir name="0">
      <uol name="default" value="../../default/default" />
    </imgdir>
    <imgdir name="1">
      <uol name="default" value="../../default/default" />
    </imgdir>
    <imgdir name="2">
      <uol name="default" value="../../default/default" />
    </imgdir>
  </imgdir>
  <imgdir name="swingT2">
    <imgdir name="0">
      <uol name="default" value="../../default/default" />
    </imgdir>
    <imgdir name="1">
      <uol name="default" value="../../default/default" />
    </imgdir>
    <imgdir name="2">
      <uol name="default" value="../../default/default" />
    </imgdir>
  </imgdir>
  <imgdir name="swingT3">
    <imgdir name="0">
      <uol name="default" value="../../default/default" />
    </imgdir>
    <imgdir name="1">
      <uol name="default" value="../../default/default" />
    </imgdir>
    <imgdir name="2">
      <uol name="default" value="../../default/default" />
    </imgdir>
  </imgdir>
  <imgdir name="swingTF">
    <imgdir name="0" />
    <imgdir name="1">
      <uol name="default" value="../../default/default" />
    </imgdir>
    <imgdir name="2">
      <uol name="default" value="../../default/default" />
    </imgdir>
    <imgdir name="3">
      <uol name="default" value="../../default/default" />
    </imgdir>
  </imgdir>
  <imgdir name="swingP1">
    <imgdir name="0">
      <uol name="default" value="../../default/default" />
    </imgdir>
    <imgdir name="1">
      <uol name="default" value="../../default/default" />
    </imgdir>
    <imgdir name="2">
      <uol name="default" value="../../default/default" />
    </imgdir>
  </imgdir>
  <imgdir name="swingP2">
    <imgdir name="0">
      <uol name="default" value="../../default/default" />
    </imgdir>
    <imgdir name="1">
      <uol name="default" value="../../default/default" />
    </imgdir>
    <imgdir name="2">
      <uol name="default" value="../../default/default" />
    </imgdir>
  </imgdir>
  <imgdir name="swingPF">
    <imgdir name="0">
      <uol name="default" value="../../default/default" />
    </imgdir>
    <imgdir name="1">
      <uol name="default" value="../../default/default" />
    </imgdir>
    <imgdir name="2">
      <uol name="default" value="../../default/default" />
    </imgdir>
    <imgdir name="3">
      <uol name="default" value="../../default/default" />
    </imgdir>
  </imgdir>
  <imgdir name="stabO1">
    <imgdir name="0">
      <uol name="default" value="../../default/default" />
    </imgdir>
    <imgdir name="1">
      <uol name="default" value="../../default/default" />
    </imgdir>
  </imgdir>
  <imgdir name="stabO2">
    <imgdir name="0">
      <uol name="default" value="../../default/default" />
    </imgdir>
    <imgdir name="1">
      <uol name="default" value="../../default/default" />
    </imgdir>
  </imgdir>
  <imgdir name="stabOF">
    <imgdir name="0">
      <uol name="default" value="../../default/default" />
    </imgdir>
    <imgdir name="1">
      <uol name="default" value="../../default/default" />
    </imgdir>
    <imgdir name="2">
      <uol name="default" value="../../default/default" />
    </imgdir>
  </imgdir>
  <imgdir name="stabT1">
    <imgdir name="0">
      <uol name="default" value="../../default/default" />
    </imgdir>
    <imgdir name="1">
      <uol name="default" value="../../default/default" />
    </imgdir>
    <imgdir name="2">
      <uol name="default" value="../../default/default" />
    </imgdir>
  </imgdir>
  <imgdir name="stabT2">
    <imgdir name="0">
      <uol name="default" value="../../default/default" />
    </imgdir>
    <imgdir name="1">
      <uol name="default" value="../../default/default" />
    </imgdir>
    <imgdir name="2">
      <uol name="default" value="../../default/default" />
    </imgdir>
  </imgdir>
  <imgdir name="stabTF">
    <imgdir name="0">
      <uol name="default" value="../../default/default" />
    </imgdir>
    <imgdir name="1">
      <uol name="default" value="../../default/default" />
    </imgdir>
    <imgdir name="2">
      <uol name="default" value="../../default/default" />
    </imgdir>
    <imgdir name="3">
      <uol name="default" value="../../default/default" />
    </imgdir>
  </imgdir>
  <imgdir name="shoot1">
    <imgdir name="0">
      <uol name="default" value="../../default/default" />
    </imgdir>
    <imgdir name="1">
      <uol name="default" value="../../default/default" />
    </imgdir>
    <imgdir name="2">
      <uol name="default" value="../../default/default" />
    </imgdir>
  </imgdir>
  <imgdir name="shoot2">
    <imgdir name="0">
      <uol name="default" value="../../default/default" />
    </imgdir>
    <imgdir name="1">
      <uol name="default" value="../../default/default" />
    </imgdir>
    <imgdir name="2">
      <uol name="default" value="../../default/default" />
    </imgdir>
    <imgdir name="3">
      <uol name="default" value="../../default/default" />
    </imgdir>
    <imgdir name="4">
      <uol name="default" value="../../default/default" />
    </imgdir>
  </imgdir>
  <imgdir name="shootF">
    <imgdir name="0">
      <uol name="default" value="../../default/default" />
    </imgdir>
    <imgdir name="1">
      <uol name="default" value="../../default/default" />
    </imgdir>
    <imgdir name="2">
      <uol name="default" value="../../default/default" />
    </imgdir>
  </imgdir>
  <imgdir name="proneStab">
    <imgdir name="0">
      <uol name="default" value="../../default/default" />
    </imgdir>
    <imgdir name="1">
      <uol name="default" value="../../default/default" />
    </imgdir>
  </imgdir>
  <imgdir name="prone">
    <imgdir name="0">
      <uol name="default" value="../../default/default" />
    </imgdir>
  </imgdir>
  <imgdir name="heal">
    <imgdir name="0">
      <uol name="default" value="../../default/default" />
    </imgdir>
    <imgdir name="1">
      <uol name="default" value="../../default/default" />
    </imgdir>
    <imgdir name="2">
      <uol name="default" value="../../default/default" />
    </imgdir>
  </imgdir>
  <imgdir name="fly">
    <imgdir name="0">
      <uol name="default" value="../../default/default" />
    </imgdir>
    <imgdir name="1">
      <uol name="default" value="../../default/default" />
    </imgdir>
  </imgdir>
  <imgdir name="jump">
    <imgdir name="0">
      <uol name="default" value="../../default/default" />
    </imgdir>
  </imgdir>
  <imgdir name="sit">
    <imgdir name="0">
      <uol name="default" value="../../default/default" />
    </imgdir>
  </imgdir>
</imgdir>