﻿<?xml version="1.0" encoding="UTF-8" standalone="yes"?>
<imgdir name="01122050.img">
  <imgdir name="info">
    <canvas name="icon" width="32" height="29">
      <vector name="origin" x="0" y="29" />
    </canvas>
    <canvas name="iconRaw" width="32" height="27">
      <vector name="origin" x="0" y="29" />
    </canvas>
    <string name="islot" value="Pe" />
    <string name="vslot" value="Pe" />
    <int name="reqJob" value="0" />
    <int name="reqLevel" value="70" />
    <int name="reqSTR" value="0" />
    <int name="reqDEX" value="0" />
    <int name="reqINT" value="0" />
    <int name="reqLUK" value="0" />
    <int name="incSTR" value="5" />
    <int name="incDEX" value="5" />
    <int name="incINT" value="5" />
    <int name="incLUK" value="5" />
    <int name="incPAD" value="0" />
    <int name="incPDD" value="0" />
    <int name="incMAD" value="0" />
    <int name="incMDD" value="0" />
    <int name="incSpeed" value="0" />
    <int name="incEVA" value="0" />
    <int name="tuc" value="3" />
    <int name="price" value="1" />
    <int name="cash" value="0" />
    <int name="timeLimited" value="1" />
    <int name="incJump" value="4" />
  </imgdir>
</imgdir>