﻿<?xml version="1.0" encoding="UTF-8" standalone="yes"?>
<imgdir name="01122010.img">
  <imgdir name="info">
    <canvas name="icon" width="30" height="29">
      <vector name="origin" x="-2" y="29" />
    </canvas>
    <canvas name="iconRaw" width="30" height="28">
      <vector name="origin" x="-2" y="29" />
    </canvas>
    <string name="islot" value="Pe" />
    <string name="vslot" value="Pe" />
    <int name="reqJob" value="0" />
    <int name="reqLevel" value="70" />
    <int name="reqSTR" value="0" />
    <int name="reqDEX" value="0" />
    <int name="reqINT" value="0" />
    <int name="reqLUK" value="0" />
    <int name="incSTR" value="3" />
    <int name="incDEX" value="3" />
    <int name="incINT" value="3" />
    <int name="incLUK" value="3" />
    <int name="incPDD" value="60" />
    <int name="incMDD" value="60" />
    <int name="incEVA" value="14" />
    <int name="tuc" value="3" />
    <int name="price" value="175000" />
    <int name="cash" value="0" />
    <int name="tradeBlock" value="1" />
    <int name="tradeAvailable" value="1" />
  </imgdir>
</imgdir>