﻿<?xml version="1.0" encoding="UTF-8" standalone="yes"?>
<imgdir name="01122018.img">
  <imgdir name="info">
    <canvas name="icon" width="32" height="32">
      <vector name="origin" x="0" y="32" />
    </canvas>
    <canvas name="iconRaw" width="32" height="32">
      <vector name="origin" x="0" y="32" />
    </canvas>
    <string name="islot" value="Pe" />
    <string name="vslot" value="Pe" />
    <int name="reqJob" value="0" />
    <int name="reqLevel" value="10" />
    <int name="reqSTR" value="0" />
    <int name="reqDEX" value="0" />
    <int name="reqINT" value="0" />
    <int name="reqLUK" value="0" />
    <int name="incSTR" value="2" />
    <int name="incDEX" value="2" />
    <int name="incINT" value="2" />
    <int name="incLUK" value="2" />
    <int name="incPDD" value="15" />
    <int name="incMDD" value="15" />
    <int name="price" value="1" />
    <int name="tuc" value="3" />
    <int name="cash" value="0" />
    <int name="tradeBlock" value="1" />
    <int name="timeLimited" value="1" />
  </imgdir>
</imgdir>