﻿<?xml version="1.0" encoding="UTF-8" standalone="yes"?>
<imgdir name="01122003.img">
  <imgdir name="info">
    <canvas name="icon" width="30" height="24">
      <vector name="origin" x="-1" y="24" />
    </canvas>
    <canvas name="iconRaw" width="30" height="19">
      <vector name="origin" x="-1" y="24" />
    </canvas>
    <string name="islot" value="Pe" />
    <string name="vslot" value="Pe" />
    <int name="reqJob" value="0" />
    <int name="reqLevel" value="30" />
    <int name="reqSTR" value="0" />
    <int name="reqDEX" value="0" />
    <int name="reqINT" value="0" />
    <int name="reqLUK" value="0" />
    <int name="incPDD" value="5" />
    <int name="incMDD" value="2" />
    <int name="tuc" value="7" />
    <int name="price" value="4000" />
    <int name="cash" value="0" />
  </imgdir>
</imgdir>