﻿<?xml version="1.0" encoding="UTF-8" standalone="yes"?>
<imgdir name="01122014.img">
  <imgdir name="info">
    <canvas name="icon" width="29" height="32">
      <vector name="origin" x="-2" y="31" />
    </canvas>
    <canvas name="iconRaw" width="29" height="31">
      <vector name="origin" x="-2" y="31" />
    </canvas>
    <string name="islot" value="Pe" />
    <string name="vslot" value="Pe" />
    <int name="reqJob" value="0" />
    <int name="reqLevel" value="50" />
    <int name="reqSTR" value="0" />
    <int name="reqDEX" value="0" />
    <int name="reqINT" value="0" />
    <int name="reqLUK" value="0" />
    <int name="incSTR" value="5" />
    <int name="incDEX" value="5" />
    <int name="incINT" value="5" />
    <int name="incLUK" value="5" />
    <int name="incPDD" value="35" />
    <int name="incMDD" value="35" />
    <int name="incMHP" value="100" />
    <int name="incMMP" value="100" />
    <int name="price" value="150000" />
    <int name="tuc" value="3" />
    <int name="cash" value="0" />
  </imgdir>
</imgdir>