﻿<?xml version="1.0" encoding="UTF-8" standalone="yes"?>
<imgdir name="01122011.img">
  <imgdir name="info">
    <canvas name="icon" width="29" height="29">
      <vector name="origin" x="-2" y="29" />
    </canvas>
    <canvas name="iconRaw" width="29" height="27">
      <vector name="origin" x="-2" y="29" />
    </canvas>
    <string name="islot" value="Pe" />
    <string name="vslot" value="Pe" />
    <int name="reqJob" value="0" />
    <int name="reqLevel" value="30" />
    <int name="reqSTR" value="0" />
    <int name="reqDEX" value="0" />
    <int name="reqINT" value="0" />
    <int name="reqLUK" value="0" />
    <int name="incPDD" value="30" />
    <int name="incMDD" value="30" />
    <int name="incEVA" value="5" />
    <int name="tuc" value="0" />
    <int name="price" value="1" />
    <int name="cash" value="0" />
    <int name="tradeBlock" value="1" />
    <int name="only" value="1" />
  </imgdir>
</imgdir>