﻿<?xml version="1.0" encoding="UTF-8" standalone="yes"?>
<imgdir name="01132015.img">
  <imgdir name="info">
    <canvas name="icon" width="29" height="30">
      <vector name="origin" x="-2" y="29" />
    </canvas>
    <canvas name="iconRaw" width="29" height="29">
      <vector name="origin" x="-2" y="29" />
    </canvas>
    <string name="islot" value="Be" />
    <string name="vslot" value="Be" />
    <int name="reqJob" value="0" />
    <int name="reqLevel" value="55" />
    <int name="reqSTR" value="0" />
    <int name="reqDEX" value="0" />
    <int name="reqINT" value="0" />
    <int name="reqLUK" value="0" />
    <int name="incPDD" value="45" />
    <int name="incMDD" value="45" />
    <int name="tuc" value="3" />
    <int name="price" value="0" />
    <int name="cash" value="0" />
    <int name="incSpeed" value="2" />
    <int name="tradeBlock" value="1" />
    <int name="tradeAvailable" value="1" />
  </imgdir>
</imgdir>