﻿<?xml version="1.0" encoding="UTF-8" standalone="yes"?>
<imgdir name="01132002.img">
  <imgdir name="info">
    <canvas name="icon" width="28" height="30">
      <vector name="origin" x="-2" y="30" />
    </canvas>
    <canvas name="iconRaw" width="28" height="30">
      <vector name="origin" x="-2" y="30" />
    </canvas>
    <string name="islot" value="Be" />
    <string name="vslot" value="Be" />
    <int name="reqJob" value="0" />
    <int name="reqLevel" value="45" />
    <int name="reqSTR" value="0" />
    <int name="reqDEX" value="0" />
    <int name="reqINT" value="0" />
    <int name="reqLUK" value="0" />
    <int name="incSTR" value="3" />
    <int name="incDEX" value="3" />
    <int name="incINT" value="3" />
    <int name="incLUK" value="3" />
    <int name="incPDD" value="30" />
    <int name="incMDD" value="30" />
    <int name="incEVA" value="9" />
    <int name="tuc" value="3" />
    <int name="price" value="0" />
    <int name="cash" value="0" />
    <int name="tradeBlock" value="1" />
    <int name="tradeAvailable" value="1" />
  </imgdir>
</imgdir>