﻿<?xml version="1.0" encoding="UTF-8" standalone="yes"?>
<imgdir name="01142013.img">
  <imgdir name="info">
    <canvas name="icon" width="26" height="31">
      <vector name="origin" x="-4" y="31" />
    </canvas>
    <canvas name="iconRaw" width="19" height="29">
      <vector name="origin" x="-7" y="31" />
    </canvas>
    <string name="islot" value="Me" />
    <string name="vslot" value="Me" />
    <int name="reqJob" value="16" />
    <int name="reqLevel" value="200" />
    <int name="reqSTR" value="0" />
    <int name="reqDEX" value="0" />
    <int name="reqINT" value="0" />
    <int name="reqLUK" value="0" />
    <int name="incSTR" value="0" />
    <int name="incDEX" value="0" />
    <int name="incINT" value="0" />
    <int name="incLUK" value="0" />
    <int name="incPAD" value="3" />
    <int name="incACC" value="5" />
    <int name="incMHP" value="50" />
    <int name="tuc" value="0" />
    <int name="price" value="0" />
    <int name="tradeBlock" value="1" />
    <int name="notSale" value="1" />
    <int name="only" value="1" />
    <int name="cash" value="0" />
    <int name="medalTag" value="9" />
  </imgdir>
</imgdir>